id,category,subcategory,address,subdivision,modified,neighborhood,lot_size,acres,year_built,style,heating,sqft,bedrooms,full_baths,half_baths
06033928421050000,RP,Residential Property,250 RAINBOW RANCH RD,RAINBOW RANCH SUB,10/13/2020 11:40:20 AM,206.009.W,00,1.17,1995,11 - Log,7 - Electric Baseboard/Electric Radiant,2708,4,2,0
06033930170010000,,,,,,,,,,,,,,,
06042733402270000,RP,Agricultural and Timber Properties,POWDER CREST TRL,SPANISH PEAKS RESORT PH 8A,10/13/2020 11:36:25 AM,206.625.A,,0.27,,,,,,,
06042734102010000,RP,Residential Property,316 ANTLER RIDGE RD,ANTLER RIDGE SUB,10/13/2020 11:32:06 AM,206.009,00,0.42,2008,08 - Conventional,2 - Hot Water/Water Radiant,2102,5,4,1
06042734102030000,RP,Residential Property,348 ANTLER RIDGE RD,ANTLER RIDGE SUB,10/13/2020 11:29:58 AM,206.009,00,0.39,,,,,,,
06042734102050000,RP,Residential Property,389 ANTLER RIDGE RD,ANTLER RIDGE SUB,10/13/2020 11:32:35 AM,206.009,00,0.38,,,,,,,
06042734102070000,RP,Residential Property,418 ANTLER RIDGE RD,ANTLER RIDGE SUB,10/13/2020 11:32:15 AM,206.009,00,0.46,,,,,,,
06042734102090000,RP,Residential Property,466 ANTLER RIDGE RD,ANTLER RIDGE SUB,10/13/2020 11:34:11 AM,206.009,00,0.42,2005,08 - Conventional,5 - Forced Air,3239,5,4,1
06042734102110000,RP,Residential Property,25 LITTLE SPIKE RD,ANTLER RIDGE SUB,10/13/2020 11:25:00 AM,206.009,00,0.31,,,,,,,
06042734103010000,RP,Residential Property,211 ANTLER RIDGE RD,ANTLER RIDGE SUB,10/13/2020 11:28:44 AM,206.009,00,0.68,2003,02 - Split Level,2 - Hot Water/Water Radiant,1532,3,2,1
06042734103030000,RP,Residential Property,301 ANTLER RIDGE RD,ANTLER RIDGE SUB,10/13/2020 11:36:36 AM,206.009,00,0.66,2007,08 - Conventional,2 - Hot Water/Water Radiant,1781,3,3,2
06042734103050000,RP,Residential Property,347 ANTLER RIDGE RD,ANTLER RIDGE SUB,10/13/2020 11:39:31 AM,206.009,00,0.48,,,,,,,
06042734103070000,RP,Residential Property,365 ANTLER RIDGE RD,ANTLER RIDGE SUB,10/13/2020 11:23:32 AM,206.009,00,0.75,2003,02 - Split Level,2 - Hot Water/Water Radiant,1472,4,3,1
06042734103090000,RP,Residential Property,441 ANTLER RIDGE RD,ANTLER RIDGE SUB,10/13/2020 1:01:49 PM,206.009,00,0.63,2003,02 - Split Level,2 - Hot Water/Water Radiant,2578,3,2,1
06042734103110000,RP,Residential Property,465 ANTLER RIDGE RD,ANTLER RIDGE SUB,10/13/2020 11:25:43 AM,206.009,00,0.64,2005,02 - Split Level,2 - Hot Water/Water Radiant,1842,3,2,1
06042734103130000,RP,Residential Property,565 ANTLER RIDGE RD,ANTLER RIDGE SUB,10/13/2020 1:01:49 PM,206.009,00,1.11,2003,02 - Split Level,2 - Hot Water/Water Radiant,1700,3,2,1
06042734103150000,RP,Residential Property,538 FOURPOINT RD,ANTLER RIDGE SUB,10/13/2020 1:01:49 PM,206.009,00,1.056,,,,,,,
06042734103190000,RP,Residential Property,460 FOURPOINT RD,ANTLER RIDGE SUB,10/13/2020 11:31:42 AM,206.009,00,0.5,2019,08 - Conventional,2 - Hot Water/Water Radiant,2677,4,3,0
06042734103210000,RP,Residential Property,430 FOURPOINT RD,ANTLER RIDGE SUB,10/13/2020 11:37:00 AM,206.009,00,0.4,2012,08 - Conventional,2 - Hot Water/Water Radiant,1822,4,2,1
06042734103230000,RP,Residential Property,396 FOURPOINT RD,ANTLER RIDGE SUB,10/13/2020 11:36:56 AM,206.009,00,0.46,,,,,,,
06042734103250000,RP,Residential Property,366 FOURPOINT RD,ANTLER RIDGE SUB,10/13/2020 1:01:49 PM,206.009,00,0.59,2019,08 - Conventional,2 - Hot Water/Water Radiant,2439,4,3,1
06042734103270000,RP,Residential Property,332 FOURPOINT RD,ANTLER RIDGE SUB,10/13/2020 1:01:49 PM,206.009,00,0.47,,,,,,,
06042734103290000,RP,Residential Property,300 FOURPOINT RD,ANTLER RIDGE SUB,10/13/2020 11:24:28 AM,206.009,00,0.37,,,,,,,
06042734103310000,RP,Residential Property,276 FOURPOINT RD,ANTLER RIDGE SUB,10/13/2020 11:29:45 AM,206.009,00,0.41,2008,08 - Conventional,7 - Electric Baseboard/Electric Radiant,1906,4,2,1
06042734103330000,RP,Residential Property,252 FOURPOINT RD,ANTLER RIDGE SUB,10/13/2020 11:24:57 AM,206.009,00,0.58,2008,08 - Conventional,2 - Hot Water/Water Radiant,3806,5,5,2
06042734103350000,RP,Residential Property,216 FOURPOINT RD,ANTLER RIDGE SUB,10/13/2020 11:29:54 AM,206.009,00,0.53,,,,,,,
06042734103370000,RP,Residential Property,184 FOURPOINT RD,ANTLER RIDGE SUB,10/13/2020 11:26:15 AM,206.009,00,0.35,,,,,,,
06042734103390000,RP,Residential Property,150 FOURPOINT RD,ANTLER RIDGE SUB,10/13/2020 11:37:43 AM,206.009,00,0.45,2017,08 - Conventional,2 - Hot Water/Water Radiant,3771,4,3,1
06042734104016500,RP,Residential Property,,ANTLER RIDGE SUB,10/13/2020 11:31:57 AM,206.009,,8.632,,,,,,,
06042734104030000,RP,Residential Property,77 BROWTINE LN,ANTLER RIDGE SUB,10/13/2020 1:01:49 PM,206.009,00,0.47,2010,08 - Conventional,2 - Hot Water/Water Radiant,3402,5,4,0
06042734104050000,RP,Residential Property,45 BROWTINE LN,ANTLER RIDGE SUB,10/13/2020 11:31:59 AM,206.009,00,0.43,2007,08 - Conventional,2 - Hot Water/Water Radiant,2080,2,1,2
06042734104070000,RP,Residential Property,19 BROWTINE RD,ANTLER RIDGE SUB,10/13/2020 11:31:31 AM,206.009,00,0.38,,,,,,,
06042734104090000,RP,Residential Property,145 FOURPOINT RD,ANTLER RIDGE SUB,10/13/2020 11:34:47 AM,206.009,00,0.5,2009,08 - Conventional,2 - Hot Water/Water Radiant,2691,4,3,1
06042734104110000,RP,Residential Property,,ANTLER RIDGE SUB,10/13/2020 11:28:01 AM,206.009,00,0.34,,,,,,,
06042734104130000,RP,Residential Property,201 FOURPOINT RD,ANTLER RIDGE SUB,10/13/2020 11:30:57 AM,206.009,00,0.46,,,,,,,
06042734104150000,RP,Residential Property,235 FOURPOINT RD,ANTLER RIDGE SUB,10/13/2020 11:31:46 AM,206.009,00,0.46,2005,08 - Conventional,2 - Hot Water/Water Radiant,1967,3,4,1
06042734104170000,RP,Residential Property,255 FOURPOINT RD,ANTLER RIDGE SUB,10/13/2020 11:28:41 AM,206.009,00,0.7,2016,04 - Modern,2 - Hot Water/Water Radiant,2720,3,3,1
06042734104210000,RP,Residential Property,315 FOURPOINT RD,ANTLER RIDGE SUB,10/13/2020 11:39:42 AM,206.009,00,0.75,,,,,,,
06042734104230000,RP,Residential Property,345 FOURPOINT RD,ANTLER RIDGE SUB,10/13/2020 11:24:26 AM,206.009,00,0.67,2015,08 - Conventional,5 - Forced Air,3355,3,3,1
06042734105010000,RP,Residential Property,151 FOURPOINT RD,ANTLER RIDGE SUB,10/13/2020 11:30:03 AM,206.009,00,0.41,,,,,,,
06042734105030000,RP,Residential Property,415 FOURPOINT RD,ANTLER RIDGE SUB,10/13/2020 1:01:49 PM,206.009,00,0.35,,,,,,,
06042734105050000,RP,Residential Property,441 FOURPOINT RD,ANTLER RIDGE SUB,10/13/2020 1:01:49 PM,206.009,00,0.33,,,,,,,
06042734105070000,RP,Residential Property,461 FOURPOINT RD,ANTLER RIDGE SUB,10/13/2020 1:01:49 PM,206.009,00,0.48,2019,08 - Conventional,5 - Forced Air,2019,2,2,0
06042734105090000,RP,Residential Property,495 FOURPOINT RD,ANTLER RIDGE SUB,10/13/2020 11:30:19 AM,206.009,00,0.43,,,,,,,
06042734105110000,RP,Residential Property,525 FOURPOINT RD,ANTLER RIDGE SUB,10/13/2020 11:27:35 AM,206.009,00,0.39,,,,,,,
06042734105130000,RP,Residential Property,547 FOURPOINT RD,ANTLER RIDGE SUB,10/13/2020 11:38:08 AM,206.009,00,0.53,,,,,,,
06042734105150000,RP,Residential Property,661 ANTLER RIDGE RD,ANTLER RIDGE SUB,10/13/2020 1:01:49 PM,206.009,00,0.38,,,,,,,
06042734105170000,RP,Residential Property,ANTLER RIDGE RD,ANTLER RIDGE SUB,10/13/2020 11:23:43 AM,206.009,00,0.35,,,,,,,
06042734105190000,RP,Residential Property,713 ANTLER RIDGE RD,ANTLER RIDGE SUB,10/13/2020 1:01:49 PM,206.009,00,0.37,2006,08 - Conventional,2 - Hot Water/Water Radiant,2292,4,4,1
06042734105210000,RP,Residential Property,741 ANTLER RIDGE RD,ANTLER RIDGE SUB,10/13/2020 11:33:39 AM,206.009,00,0.45,,,,,,,
06042734105230000,RP,Residential Property,765 ANTLER RIDGE RD,ANTLER RIDGE SUB,10/13/2020 11:33:57 AM,206.009,00,0.41,,,,,,,
06042734105250000,RP,Residential Property,771 ANTLER RIDGE RD,ANTLER RIDGE SUB,10/13/2020 1:01:49 PM,206.009,00,0.53,2003,08 - Conventional,5 - Forced Air,2762,3,3,0
06042734105290000,RP,Residential Property,392 LITTLE SPIKE RD,ANTLER RIDGE SUB,10/13/2020 11:35:00 AM,206.009,00,0.4,,,,,,,
06042734105310000,RP,Residential Property,391 LITTLE SPIKE RD,ANTLER RIDGE SUB,10/13/2020 1:01:49 PM,206.009,00,0.44,2013,08 - Conventional,5 - Forced Air,2883,3,3,1
06042734105336500,RP,Residential Property,,ANTLER RIDGE SUB,10/13/2020 11:30:18 AM,206.009,00,13.46,,,,,,,
06042734106010000,RP,Residential Property,768 ANTLER RIDGE RD,ANTLER RIDGE SUB,10/13/2020 11:32:24 AM,206.009,00,0.4,,,,,,,
06042734106030000,RP,Residential Property,746 ANTLER RIDGE RD,ANTLER RIDGE SUB,10/13/2020 11:35:00 AM,206.009,00,0.56,2016,08 - Conventional,2 - Hot Water/Water Radiant,1941,3,3,1
06042734106050000,RP,Residential Property,710 ANTLER RIDGE RD,ANTLER RIDGE SUB,10/13/2020 11:30:49 AM,206.009,00,0.51,,,,,,,
06042734106070000,RP,Residential Property,670 ANTLER RIDGE RD,ANTLER RIDGE SUB,10/13/2020 11:27:43 AM,206.009,00,0.51,2005,08 - Conventional,2 - Hot Water/Water Radiant,1534,4,3,1
06042734106110000,RP,Residential Property,36 SIXPOINT CT,ANTLER RIDGE SUB,10/13/2020 11:31:11 AM,206.009,00,0.53,,,,,,,
06042734106130000,RP,Residential Property,88 SIXPOINT CT,ANTLER RIDGE SUB,10/13/2020 11:28:58 AM,206.009,00,0.59,,,,,,,
06042734106150000,RP,Residential Property,126 SIXPOINT CT,ANTLER RIDGE SUB,10/13/2020 11:28:03 AM,206.009,00,0.37,,,,,,,
06042734106170000,RP,Residential Property,142 SIXPOINT CT,ANTLER RIDGE SUB,10/13/2020 11:38:15 AM,206.009,00,0.45,,,,,,,
06042734107010000,RP,Residential Property,123 SIXPOINT CT,ANTLER RIDGE SUB,10/13/2020 1:01:49 PM,206.009,00,0.46,2005,08 - Conventional,2 - Hot Water/Water Radiant,1455,4,3,0
06042734107030000,RP,Residential Property,,ANTLER RIDGE SUB,10/13/2020 11:36:52 AM,206.009,00,0.45,,,,,,,
06042734107050000,RP,Residential Property,57 SIX POINT CT,ANTLER RIDGE SUB,10/13/2020 1:01:49 PM,206.009,00,0.58,2003,02 - Split Level,2 - Hot Water/Water Radiant,1832,3,2,1
06042734107070000,RP,Residential Property,41 SIXPOINT CT,ANTLER RIDGE SUB,10/13/2020 11:29:27 AM,206.009,00,0.58,,,,,,,
06042734107090000,RP,Residential Property,578 ANTLER RIDGE RD,ANTLER RIDGE SUB,10/13/2020 11:26:19 AM,206.009,00,0.46,,,,,,,
06042734107110000,RP,Residential Property,566 ANTLER RIDGE RD,ANTLER RIDGE SUB,10/13/2020 11:31:02 AM,206.009,00,0.47,,,,,,,
06042734150050000,RP,Residential Property,,,10/13/2020 11:25:43 AM,206.009,,10.864,,,,,,,
06042734150180000,RP,Residential Property,61 SLEEPING BEAR RD,MINOR SUB 285,10/13/2020 1:01:49 PM,206.009,00,1.512,2001,08 - Conventional,2 - Hot Water/Water Radiant,1351,3,3,1
06042734150200000,RP,Residential Property,SLEEPING BEAR RD,MINOR SUB 285,10/13/2020 11:28:16 AM,206.009,00,1.715,2015,08 - Conventional,5 - Forced Air,2996,3,3,1
06042734150230000,RP,Residential Property,99 SLEEPING BEAR RD,MINOR SUB 285,10/13/2020 11:33:10 AM,206.009,00,2.5,2014,08 - Conventional,5 - Forced Air,1792,3,3,0
06042734150246500,RP,Residential Property,,MINOR SUB 285,10/13/2020 11:35:18 AM,206.009,00,12.889,,,,,,,
06042734150260000,RP,Residential Property,98 SLEEPING BEAR RD,MINOR SUB 285,10/13/2020 1:01:49 PM,206.009,00,2.5,2003,11 - Log,2 - Hot Water/Water Radiant,1616,3,3,0
06042734150280000,RP,Residential Property,66 SLEEPING BEAR RD,MINOR SUB 285,10/13/2020 11:39:40 AM,206.009,00,2.484,2001,11 - Log,2 - Hot Water/Water Radiant,1386,3,3,0
06042734201010000,RP,Agricultural and Timber Properties,,,10/13/2020 11:29:06 AM,206.009,,20.236,,,,,,,
06042734201120000,RP,Agricultural and Timber Properties,,,10/13/2020 11:37:49 AM,206.009,,20,,,,,,,
06042734201250000,RP,Agricultural and Timber Properties,,,10/13/2020 11:31:27 AM,206.009,,14.48,,,,,,,
06042734201370000,RP,Agricultural and Timber Properties,,,10/13/2020 11:37:35 AM,206.009,,4.098,,,,,,,
06042734301010000,RP,Agricultural and Timber Properties,OUTLOOK TRL,SPANISH PEAKS RESORT PH 6B,10/13/2020 11:27:50 AM,206.625,,10.09,,,,,,,
06042734301250000,RP,Agricultural and Timber Properties,,SPANISH PEAKS RESORT PH 6A,10/13/2020 11:35:16 AM,206.625,,10.43,,,,,,,
06042734301320000,RP,Agricultural and Timber Properties,,SPANISH PEAKS RESORT PH 6A,10/13/2020 11:37:46 AM,206.625,,10.51,,,,,,,
06042734301380000,RP,Residential Property,OUTLOOK TRL,SPANISH PEAKS RESORT PH 6A,10/13/2020 11:25:09 AM,206.625,00,13.18,,,,,,,
06042734301440000,RP,Agricultural and Timber Properties,,SPANISH PEAKS RESORT PH 6A,10/13/2020 11:32:36 AM,206.625,,19.847,,,,,,,
06042734301486500,RP,Residential Property,,SPANISH PEAKS RESORT PH 6A,10/13/2020 11:30:18 AM,206.625,00,5.57,,,,,,,
06042734301500000,RP,Residential Property,2250 OUTLOOK TRL,MINOR SUB 348,10/13/2020 11:29:54 AM,206.009,00,2.089,,,,,,,
06042734301530000,RP,Residential Property,OUTLOOK TRL,MINOR SUB 348,10/13/2020 11:30:57 AM,206.009,00,2.962,,,,,,,
06042734301536500,RP,Residential Property,STONY CREEK DR,MINOR SUB 348,10/13/2020 11:34:47 AM,206.009,00,8.87,,,,,,,
06042734301550000,RP,Residential Property,2161 OUTLOOK TRL,MINOR SUB 348,10/13/2020 1:01:49 PM,206.009,00,1.801,2019,08 - Conventional,2 - Hot Water/Water Radiant,2429,5,4,1
06042734301570000,RP,Residential Property,2089 OUTLOOK TRL,MINOR SUB 348,10/13/2020 11:32:05 AM,206.009,00,2.391,2017,08 - Conventional,2 - Hot Water/Water Radiant,2483,3,3,0
06042734301590000,RP,Residential Property,2088 OUTLOOK TRL,MINOR SUB 348,10/13/2020 1:01:49 PM,206.009,00,1.873,,,,,,,
06042734301750000,RP,Agricultural and Timber Properties,,,10/13/2020 11:31:47 AM,206.009,,32.51,,,,,,,
06042734340120000,RP,Agricultural and Timber Properties,,,10/13/2020 11:37:00 AM,206.009,,20,,,,,,,
06042734340240000,RP,Agricultural and Timber Properties,,,10/13/2020 11:28:58 AM,206.009,,5.872,,,,,,,
06042734442010000,RP,Residential Property,PINE CONE TER,MINOR SUB 136,10/13/2020 11:27:31 AM,206.009,00,2.354,,,,,,,
06042734442040000,RP,Residential Property,178 PINE CONE TER,MINOR SUB 136,10/13/2020 1:01:49 PM,206.009,00,4.354,2010,04 - Modern,2 - Hot Water/Water Radiant,2028,4,4,1
06042734442070000,RP,Residential Property,180 PINE CONE TER,MINOR SUB 136,10/13/2020 11:22:52 AM,206.009,00,4.455,2000,08 - Conventional,2 - Hot Water/Water Radiant,2268,3,3,1
06042734442110000,RP,Residential Property,130 PINE CONE TER,MINOR SUB 136,10/13/2020 11:23:47 AM,206.009,00,4.624,2000,03 - Ranch,2 - Hot Water/Water Radiant,2349,3,3,0
06042734442130000,RP,Non-Qualified Ag,ANDESITE RD,,10/13/2020 11:31:50 AM,206.009,,20.57,,,,,,,
06042734442510000,RP,Residential Property,236 SILVERADO TRL,ASPEN GROVES SUB PH 2,10/13/2020 11:29:40 AM,206.009,00,7.249,2008,08 - Conventional,7 - Electric Baseboard/Electric Radiant,1824,3,3,0
06042734460010000,RP,Residential Property,610 AUTUMN TRL,ASPEN GROVES SUB PH 2,10/13/2020 11:33:18 AM,206.009,00,0.819,2004,08 - Conventional,2 - Hot Water/Water Radiant,1578,4,3,1
06042734460030000,RP,Residential Property,584 AUTUMN TRL,ASPEN GROVES SUB PH 2,10/13/2020 11:31:32 AM,206.009,00,0.715,2000,08 - Conventional,2 - Hot Water/Water Radiant,3919,5,4,1
06042734460050000,RP,Residential Property,AUTUMN TRL,ASPEN GROVES SUB PH 2,10/13/2020 11:29:41 AM,206.009,00,0.603,,,,,,,
06042734460070000,RP,Residential Property,526 AUTUMN TRL,ASPEN GROVES SUB PH 2,10/13/2020 1:01:49 PM,206.009,00,0.611,2004,08 - Conventional,2 - Hot Water/Water Radiant,2788,3,3,0
06042734460110000,RP,Residential Property,1280 ANDESITE RD,ASPEN GROVES SUB PH 1,10/13/2020 11:26:51 AM,206.009,00,1.432,2003,08 - Conventional,2 - Hot Water/Water Radiant,1216,1,1,0
06042734460130000,RP,Residential Property,17 NORDIC LN,ASPEN GROVES SUB PH 1,10/13/2020 1:01:49 PM,206.009,00,0.952,2019,08 - Conventional,5 - Forced Air,3393,3,3,1
06042734460150000,RP,Residential Property,65 NORDIC LN,ASPEN GROVES SUB PH 2,10/13/2020 11:22:59 AM,206.009,00,0.926,2003,08 - Conventional,2 - Hot Water/Water Radiant,2634,4,4,1
06042734460170000,RP,Residential Property,105 NORDIC LN,ASPEN GROVES SUB PH 2,10/13/2020 11:36:58 AM,206.009,00,0.624,2004,08 - Conventional,5 - Forced Air,1422,3,3,1
06042734460190000,RP,Residential Property,123 NORDIC LN,ASPEN GROVES SUB PH 2,10/13/2020 11:32:08 AM,206.009,00,0.627,2000,08 - Conventional,2 - Hot Water/Water Radiant,1345,3,3,1
06042734460210000,RP,Residential Property,139 NORDIC LN,ASPEN GROVES SUB PH 2,10/13/2020 11:36:09 AM,206.009,00,0.802,2003,08 - Conventional,2 - Hot Water/Water Radiant,1871,4,3,1
06042734460230000,RP,Residential Property,159 NORDIC LN,ASPEN GROVES SUB PH 2,10/13/2020 11:34:21 AM,206.009,00,0.99,2017,08 - Conventional,2 - Hot Water/Water Radiant,2742,4,4,0
06042734460250000,RP,Residential Property,167 NORDIC LN,ASPEN GROVES SUB PH 2,10/13/2020 11:24:42 AM,206.009,00,0.913,2001,08 - Conventional,5 - Forced Air,1953,4,2,1
06042734460270000,RP,Residential Property,211 NORDIC LN,ASPEN GROVES SUB PH 2,10/13/2020 11:38:02 AM,206.009,00,0.691,2000,08 - Conventional,2 - Hot Water/Water Radiant,1631,3,2,1
06042734460290000,RP,Residential Property,NORDIC LN,ASPEN GROVES SUB PH 2,10/13/2020 11:32:36 AM,206.009,00,0.758,,,,,,,
06042734460310000,RP,Residential Property,243 NORDIC LN,ASPEN GROVES SUB PH 2,10/13/2020 11:29:51 AM,206.009,00,1.328,2003,08 - Conventional,2 - Hot Water/Water Radiant,3489,4,3,1
06042734460330000,RP,Residential Property,275 NORDIC LN,ASPEN GROVES SUB PH 2,10/13/2020 11:26:33 AM,206.009,00,0.693,2002,08 - Conventional,2 - Hot Water/Water Radiant,2007,3,4,1
06042734460370000,RP,Residential Property,447 NORDIC LN,ASPEN GROVES SUB PH 2,10/13/2020 11:31:53 AM,206.009,00,1.644,2005,11 - Log,5 - Forced Air,2092,3,3,0
06042734460390000,RP,Residential Property,175 W PINE CONE TER,ASPEN GROVES SUB PH 2,10/13/2020 11:26:00 AM,206.009,00,0.814,2014,08 - Conventional,5 - Forced Air,2030,4,4,1
06042734460410000,RP,Residential Property,215 W PINE CONE TER,ASPEN GROVES SUB PH 2,10/13/2020 11:32:01 AM,206.009,00,0.752,2000,08 - Conventional,2 - Hot Water/Water Radiant,1816,3,2,1
06042734460990000,RP,Residential Property,SILVERADO TRL,ASPEN GROVES SUB PH 2,10/13/2020 11:33:59 AM,206.009,00,1.27,,,,,,,
06042734462010000,RP,Residential Property,83 W PINE CONE TER,ASPEN GROVES SUB PH 2,10/13/2020 11:33:40 AM,206.009,00,1.485,2005,08 - Conventional,2 - Hot Water/Water Radiant,2092,4,5,0
06042734462070000,RP,Residential Property,334 NORDIC LN,ASPEN GROVES SUB PH 2,10/13/2020 11:38:54 AM,206.009,00,0.767,2004,08 - Conventional,2 - Hot Water/Water Radiant,3140,4,2,2
06042734462100000,RP,Residential Property,316 NORDIC LN,ASPEN GROVES SUB PH 2,10/13/2020 11:27:16 AM,206.009,00,0.959,2000,08 - Conventional,2 - Hot Water/Water Radiant,1522,3,3,1
06042734462130000,RP,Residential Property,SILVERADO TRL,ASPEN GROVES SUB PH 2,10/13/2020 11:26:26 AM,206.009,00,0.865,,,,,,,
06042734462160000,RP,Residential Property,234 NORDIC LN,ASPEN GROVES SUB PH 2,10/13/2020 11:29:13 AM,206.009,00,0.668,2000,08 - Conventional,5 - Forced Air,2584,3,3,1
06042734462190000,RP,Residential Property,NORDIC LN,ASPEN GROVES SUB PH 2,10/13/2020 11:29:57 AM,206.009,00,0.905,,,,,,,
06042734462220000,RP,Residential Property,108 NORDIC LN,ASPEN GROVES SUB PH 2,10/13/2020 11:30:35 AM,206.009,00,0.697,2005,11 - Log,2 - Hot Water/Water Radiant,2013,3,2,1
06042734462250000,RP,Residential Property,82 NORDIC LN,ASPEN GROVES SUB PH 2,10/13/2020 11:25:12 AM,206.009,00,0.666,2003,08 - Conventional,2 - Hot Water/Water Radiant,3411,3,2,1
06042734462280000,RP,Residential Property,62 NORDIC LN,ASPEN GROVES SUB PH 2,10/13/2020 1:01:49 PM,206.009,00,0.746,2019,08 - Conventional,2 - Hot Water/Water Radiant,1829,3,3,1
06042734462310000,RP,Residential Property,35 SILVERADO TRL,ASPEN GROVES SUB PH 2,10/13/2020 11:24:47 AM,206.009,00,0.837,2019,08 - Conventional,2 - Hot Water/Water Radiant,2424,2,2,0
06042734462330000,RP,Residential Property,SILVERADO TRL,ASPEN GROVES SUB PH 2,10/13/2020 11:27:02 AM,206.009,00,1.143,,,,,,,
06042734462360000,RP,Residential Property,121 SILVERADO TRL,ASPEN GROVES SUB PH 2,10/13/2020 11:35:30 AM,206.009,00,0.794,2002,08 - Conventional,2 - Hot Water/Water Radiant,2748,4,3,1
06042734462390000,RP,Residential Property,169 SILVERADO TRL,ASPEN GROVES SUB PH 2,10/13/2020 11:37:11 AM,206.009,00,0.69,2000,08 - Conventional,2 - Hot Water/Water Radiant,1592,3,3,1
06042734462420000,RP,Residential Property,35 PINE CONE TER,ASPEN GROVES SUB PH 2,10/13/2020 1:01:49 PM,206.009,00,1.064,,,,,,,
06042734466230000,RP,Residential Property,549 AUTUMN TRL,ASPEN GROVES SUB PH 2,10/13/2020 11:22:26 AM,206.009,00,0.631,2003,08 - Conventional,5 - Forced Air,2349,2,3,0
06042734466250000,RP,Residential Property,AUTUMN TRL,ASPEN GROVES SUB PH 2,10/13/2020 11:31:13 AM,206.009,00,0.601,,,,,,,
06042734474010000,RP,Residential Property,879 ANDESITE RD,ASPEN GROVES SUB PH 1,10/13/2020 11:35:54 AM,206.009,00,0.665,1999,08 - Conventional,2 - Hot Water/Water Radiant,2633,3,3,1
06042734474030000,RP,Residential Property,905 ANDESITE RD,ASPEN GROVES SUB PH 1,10/13/2020 11:32:51 AM,206.009,00,0.783,2000,03 - Ranch,5 - Forced Air,2060,3,2,0
06042734474050000,RP,Residential Property,959 ANDESITE RD,ASPEN GROVES SUB PH 1,10/13/2020 1:01:49 PM,206.009,00,0.756,,,,,,,
06042734474070000,RP,Residential Property,ANDESITE RD,ASPEN GROVES SUB PH 1,10/13/2020 11:25:10 AM,206.009,00,0.73,,,,,,,
06042734474090000,RP,Residential Property,993 ANDESITE RD,ASPEN GROVES SUB PH 1,10/13/2020 1:01:49 PM,206.009,00,0.643,2018,03 - Ranch,2 - Hot Water/Water Radiant,1912,3,3,1
06042734474110000,RP,Residential Property,1011 ANDESITE RD,ASPEN GROVES SUB PH 1,10/13/2020 11:28:26 AM,206.009,00,0.643,1999,11 - Log,1 - Floor/Wall/Space,1808,4,3,1
06042734474130000,RP,Residential Property,ANDESITE RD,ASPEN GROVES SUB PH 1,10/13/2020 11:33:20 AM,206.009,00,0.702,,,,,,,
06042736205080000,RP,Commercial Property,LITTLE COYOTE RD,SWEETGRASS HILLS SUB,10/13/2020 1:01:49 PM,206.109.M,"114,998",,1972,,,,,,
06042736205100000,,,,,,,,,,,,,,,
06042736205120000,RP,Government Property,,SWEETGRASS HILLS SUB,10/13/2020 11:29:46 AM,206.109.M,"9,409",,,,,,,,
06042736302010000,RP,Residential Property,2425 LITTLE COYOTE RD,MEADOW VILLAGE NO 1 2ND FILING,10/13/2020 1:01:49 PM,206.009.A,"12,000",,1998,08 - Conventional,7 - Electric Baseboard/Electric Radiant,832,1,1,1
06042736302020000,RP,Residential Property,2435 LITTLE COYOTE RD,MEADOW VILLAGE NO 1 2ND FILING,10/13/2020 11:27:22 AM,206.009.A,"12,000",,1994,08 - Conventional,7 - Electric Baseboard/Electric Radiant,1904,2,2,1
06042736302030000,RP,Residential Property,2455 LITTLE COYOTE RD,MEADOW VILLAGE NO 1 2ND FILING,10/13/2020 11:27:21 AM,206.009.A,"12,000",,2001,08 - Conventional,2 - Hot Water/Water Radiant,1340,3,3,1
06042736302040000,RP,Residential Property,2475 LITTLE COYOTE RD,MEADOW VILLAGE NO 1 2ND FILING,10/13/2020 1:01:49 PM,206.009.A,"12,000",,1986,08 - Conventional,7 - Electric Baseboard/Electric Radiant,914,3,2,0
06042736302050000,RP,Residential Property,2495 LITTLE COYOTE RD,MEADOW VILLAGE NO 1 2ND FILING,10/13/2020 11:37:09 AM,206.009.A,"12,000",,1999,08 - Conventional,2 - Hot Water/Water Radiant,1755,3,3,0
06042736302060000,RP,Residential Property,2515 LITTLE COYOTE RD,MEADOW VILLAGE NO 1 2ND FILING,10/13/2020 1:01:49 PM,206.009.A,"12,000",,1998,11 - Log,7 - Electric Baseboard/Electric Radiant,1737,3,2,0
06042736302070000,RP,Residential Property,2529 LITTLE COYOTE RD,MEADOW VILLAGE NO 1 2ND FILING,10/13/2020 1:01:49 PM,206.009.A,"12,000",,2010,14 - Other,2 - Hot Water/Water Radiant,2236,4,3,1
06042736302090000,RP,Residential Property,2555 LITTLE COYOTE RD,MEADOW VILLAGE 25 LOT ADD,10/13/2020 1:01:49 PM,206.009.A,"24,000",,2000,08 - Conventional,7 - Electric Baseboard/Electric Radiant,2809,3,3,0
06042736302100000,RP,Residential Property,2573 LITTLE COYOTE RD,MEADOW VILLAGE NO 1 2ND FILING,10/13/2020 11:24:24 AM,206.009.A,"12,000",,2005,08 - Conventional,2 - Hot Water/Water Radiant,1795,3,3,0
06042736302110000,RP,Residential Property,2595 LITTLE COYOTE RD,MEADOW VILLAGE NO 1 2ND FILING,10/13/2020 1:01:49 PM,206.009.A,"12,000",,1998,08 - Conventional,7 - Electric Baseboard/Electric Radiant,900,3,2,0
06042736302120000,RP,Residential Property,2605 LITTLE COYOTE RD,MEADOW VILLAGE NO 1 2ND FILING,10/13/2020 11:32:18 AM,206.009.A,"12,000",,2006,08 - Conventional,2 - Hot Water/Water Radiant,2180,3,3,0
06042736302130000,RP,Residential Property,2621 LITTLE COYOTE RD,MEADOW VILLAGE NO 1 2ND FILING,10/13/2020 11:34:01 AM,206.009.A,"12,000",,2008,08 - Conventional,2 - Hot Water/Water Radiant,1872,3,2,1
06042736302140000,RP,Residential Property,2635 LITTLE COYOTE RD,MEADOW VILLAGE NO 1 2ND FILING,10/13/2020 11:31:53 AM,206.009.A,"12,000",,1989,04 - Modern,7 - Electric Baseboard/Electric Radiant,1688,4,3,0
06042736302150000,RP,Residential Property,2655 LITTLE COYOTE RD,MEADOW VILLAGE NO 1 2ND FILING,10/13/2020 11:36:12 AM,206.009.A,"12,000",,2019,08 - Conventional,5 - Forced Air,2844,4,3,1
06042736302160000,RP,Residential Property,2675 LITTLE COYOTE RD,MEADOW VILLAGE NO 1 2ND FILING,10/13/2020 11:32:59 AM,206.009.A,"12,000",,1987,02 - Split Level,7 - Electric Baseboard/Electric Radiant,2218,3,2,1
06042736302170000,RP,Residential Property,2695 LITTLE COYOTE RD,MEADOW VILLAGE NO 1 2ND FILING,10/13/2020 11:37:41 AM,206.009.A,"12,000",,1998,11 - Log,7 - Electric Baseboard/Electric Radiant,2362,3,3,0
06042736302180000,RP,Residential Property,2705 LITTLE COYOTE RD,MEADOW VILLAGE NO 1 2ND FILING,10/13/2020 1:01:49 PM,206.009.A,"11,691",,1989,08 - Conventional,7 - Electric Baseboard/Electric Radiant,1823,3,2,1
06042736302190000,RP,Residential Property,2715 LITTLE COYOTE RD,MEADOW VILLAGE NO 1 2ND FILING,10/13/2020 1:01:49 PM,206.009.A,"12,000",,2005,08 - Conventional,2 - Hot Water/Water Radiant,1659,3,2,1
06042736302200000,RP,Residential Property,2710 LITTLE COYOTE RD,MEADOW VILLAGE NO 1 2ND FILING,10/13/2020 1:01:49 PM,206.009.A,"12,000",,1994,08 - Conventional,7 - Electric Baseboard/Electric Radiant,2392,4,3,0
06042736302210000,RP,Residential Property,LITTLE COYOTE RD,MEADOW VILLAGE NO 1 2ND FILING,10/13/2020 11:22:37 AM,206.009.A,"12,000",,,,,,,,
06042736302220000,RP,Residential Property,2690 LITTLE COYOTE RD,MEADOW VILLAGE NO 1 2ND FILING,10/13/2020 11:31:08 AM,206.009.A,"12,000",,1993,08 - Conventional,2 - Hot Water/Water Radiant,2186,3,3,1
06042736302230000,RP,Residential Property,LITTLE COYOTE RD,MEADOW VILLAGE NO 1 2ND FILING,10/13/2020 11:29:40 AM,206.009.A,"12,000",,,,,,,,
06042736302240000,RP,Residential Property,2640 LITTLE COYOTE RD,MEADOW VILLAGE NO 1 2ND FILING,10/13/2020 1:01:49 PM,206.009.A,"11,998",,1981,04 - Modern,7 - Electric Baseboard/Electric Radiant,1862,2,2,0
06042736302250000,RP,Residential Property,LITTLE COYOTE RD,MEADOW VILLAGE NO 1 2ND FILING,10/13/2020 11:31:04 AM,206.009.A,"12,000",,,,,,,,
06042736302260000,RP,Residential Property,2606 LITTLE COYOTE RD,MEADOW VILLAGE NO 1 2ND FILING,10/13/2020 11:34:23 AM,206.009.A,"12,000",,2004,08 - Conventional,5 - Forced Air,2379,3,2,1
06042736415067004,RP,Commercial Property,36 CENTER LN,MEADOW VILLAGE CENTER CONDO,10/13/2020 11:39:44 AM,206.109.M,"8,202",,2003,,,,,,
06042736415077000,RP,Condo/Townhouse Master,75 CENTER LN,CLOCK TOWER BUILDING ASSOCIATION CONDO,10/13/2020 11:39:44 AM,206.109.M,"10,503",,,,,,,,
06042736415087002,RP,Commercial Property,66 MARKET PL,MEADOW VILLAGE CENTER CONDO,10/13/2020 11:39:42 AM,206.109.M,"12,701",,1972,,,,,,
06042736415097000,RP,Commercial Property,LITTLE COYOTE RD,,10/13/2020 11:39:42 AM,206.109.M,"11,192",,,,,,,,
06042736415107000,RP,Condo/Townhouse Master,55 MEADOW VILLAGE DR,POST OFFICE CONDO,10/13/2020 11:39:43 AM,206.109.M,"7,111",,,,,,,,
06042736415117000,RP,Condo/Townhouse Master,78 MEADOW VILLAGE DR,AB FINANCIAL CENTER,10/13/2020 11:39:44 AM,206.109.M,"23,718",,2005,,,,,,
06042736415127007,RP,Commercial Property,50 MEADOW VILLAGE DR,MEADOW CENTER CONDO,10/13/2020 11:39:42 AM,206.109.M,"5,223",,2002,,,,,,
06042736415137005,RP,Commercial Property,48 MARKET PL,MEADOW VILLAGE CENTER CONDO,10/13/2020 11:39:43 AM,206.109.M,"7,044",,2007,,,,,,
06042736415147000,RP,Condo/Townhouse Master,MARKET PL,HEALTH AND FITNESS CONDO,10/13/2020 11:39:44 AM,206.109.M,"11,312",,,,,,,,
06042736415150000,,,,,,,,,,,,,,,
06042801101010000,RP,Residential Property,55130 GALLATIN RD,KARST SUB 2,10/13/2020 11:27:37 AM,206.015,00,0.36,1972,08 - Conventional,2 - Hot Water/Water Radiant,1904,3,2,0
06042801101020000,RP,Residential Property,55160 GALLATIN RD,KARST SUB 2,10/13/2020 11:35:21 AM,206.015,00,0.27,1940,11 - Log,0,486,1,0,0
06042801101030000,RP,Residential Property,,KARST SUB 2,10/13/2020 11:32:44 AM,206.015,00,0.3,2001,08 - Conventional,1 - Floor/Wall/Space,1600,2,2,0
06042801101040000,RP,Residential Property,,KARST SUB 2,10/13/2020 11:25:26 AM,206.015,00,0.34,,,,,,,
06042801101050000,RP,Residential Property,55200 GALLATIN RD,KARST SUB 2,10/13/2020 11:29:23 AM,206.015,00,0.38,1995,,,,,,
06042801101060000,RP,Residential Property,,KARST SUB 2,10/13/2020 11:32:40 AM,206.015,00,0.41,1973,11 - Log,2 - Hot Water/Water Radiant,900,3,2,0
06042801101070000,RP,Residential Property,55230 GALLATIN RD,KARST SUB 2,10/13/2020 11:28:10 AM,206.015,00,0.38,1997,11 - Log,7 - Electric Baseboard/Electric Radiant,926,1,1,0
06042801101080000,RP,Residential Property,55160 GALLATIN RD,KARST SUB 2,10/13/2020 11:32:30 AM,206.015,00,0.21,,,,,,,
06042801102010000,RP,Mixed Use - Res & Comm,55265 GALLATIN RD,,10/13/2020 11:29:42 AM,206.015.W1,00,2.548,1981,11 - Log,7 - Electric Baseboard/Electric Radiant,442,1,1,0
06042801102020000,RP,Residential Property,54725 GALLATIN RD,,10/13/2020 11:34:25 AM,206.015.W1,00,2.22,1995,08 - Conventional,2 - Hot Water/Water Radiant,3536,4,4,0
06042801102030000,RP,Government Property,,,10/13/2020 11:30:57 AM,206.015,00,3.41,,,,,,,
06042801102060000,RP,Non-Qualified Ag,528 KARST STAGE LOOP,,10/13/2020 11:26:46 AM,206.015.W1,00,9.664,2004,11 - Log,2 - Hot Water/Water Radiant,5905,4,4,2
06042801102100000,RP,Residential Property,54793 GALLATIN RD,,10/13/2020 11:27:26 AM,206.015.W1,00,2.218,2016,08 - Conventional,5 - Forced Air,5370,3,4,1
06042801103010000,RP,Residential Property,480 KARST STAGE LOOP,PARKVIEW WEST,10/13/2020 11:36:02 AM,206.015.W2,00,1.192,1981,08 - Conventional,7 - Electric Baseboard/Electric Radiant,1896,4,4,0
06042801103020000,RP,Residential Property,450 KARST STAGE LOOP,PARKVIEW WEST,10/13/2020 11:23:14 AM,206.015.W2,00,1.045,2006,08 - Conventional,2 - Hot Water/Water Radiant,1362,1,1,0
06042801103030000,RP,Residential Property,420 KARST STAGE LOOP,PARKVIEW WEST,10/13/2020 11:32:18 AM,206.015.W2,00,1.102,2018,08 - Conventional,7 - Electric Baseboard/Electric Radiant,1742,3,2,1
06042801103040000,RP,Residential Property,300 KARST STAGE LOOP,PARKVIEW WEST,10/13/2020 1:01:49 PM,206.015.W2,00,1.071,2010,08 - Conventional,2 - Hot Water/Water Radiant,2424,1,1,1
06042801103060000,RP,Residential Property,260 KARST STAGE LOOP,PARKVIEW WEST,10/13/2020 11:38:58 AM,206.015.W2,00,1.52,2003,03 - Ranch,2 - Hot Water/Water Radiant,1220,3,2,0
06042801103070000,RP,Residential Property,280 KARST STAGE LOOP,PARKVIEW WEST,10/13/2020 1:01:49 PM,206.015.W2,00,1.591,2000,11 - Log,2 - Hot Water/Water Radiant,2658,3,2,0
06042801103080000,RP,Residential Property,,PARKVIEW WEST,10/13/2020 11:33:46 AM,206.015.W2,00,1.316,,,,,,,
06042801104010000,RP,Residential Property,KARST STAGE LOOP,PARKVIEW WEST,10/13/2020 11:30:05 AM,206.015,00,1.109,,,,,,,
06042801104020000,RP,Residential Property,515 KARST STAGE LOOP,PARKVIEW WEST,10/13/2020 11:36:06 AM,206.015,00,1.167,1960,10 - Old Style,7 - Electric Baseboard/Electric Radiant,936,2,1,0
06042801104030000,RP,Residential Property,455 KARST STAGE LOOP,PARKVIEW WEST,10/13/2020 11:38:53 AM,206.015,00,1.191,2008,08 - Conventional,5 - Forced Air,2420,3,3,0
06042801104040000,RP,Residential Property,445 KARST STAGE LOOP,PARKVIEW WEST,10/13/2020 11:31:21 AM,206.015,00,1.194,1965,14 - Other,7 - Electric Baseboard/Electric Radiant,865,2,1,0
06042801104050000,RP,Residential Property,KARST STAGE LOOP,PARKVIEW WEST,10/13/2020 11:30:44 AM,206.015,00,1.194,,,,,,,
06042801104060000,RP,Residential Property,285 KARST STAGE LOOP,PARKVIEW WEST,10/13/2020 11:33:10 AM,206.015,00,1.194,1978,11 - Log,7 - Electric Baseboard/Electric Radiant,1392,3,2,0
06042801104070000,RP,Residential Property,245 KARST STAGE LOOP,PARKVIEW WEST,10/13/2020 11:29:09 AM,206.015,00,1.194,1983,11 - Log,7 - Electric Baseboard/Electric Radiant,1824,4,2,0
06042801104080000,RP,Residential Property,205 KARST STAGE LOOP,PARKVIEW WEST,10/13/2020 1:01:49 PM,206.015,00,1.194,1996,08 - Conventional,5 - Forced Air,2534,3,3,1
06042801104090000,RP,Residential Property,145 KARST STAGE LOOP,PARKVIEW WEST,10/13/2020 11:23:31 AM,206.015,00,1.254,1993,01 - Bi-Level,5 - Forced Air,1144,3,2,0
06042801104100000,RP,Residential Property,101 KARST STAGE LOOP,PARKVIEW WEST,10/13/2020 11:33:31 AM,206.015,00,1.169,2001,08 - Conventional,7 - Electric Baseboard/Electric Radiant,2124,3,2,1
06042801104116500,RP,Residential Property,KARST STAGE LOOP,PARKVIEW WEST,10/13/2020 11:32:50 AM,206.015,00,1.309,,,,,,,
06042801104120000,RP,Residential Property,975 KARST STAGE LOOP,PARKVIEW WEST,10/13/2020 11:23:51 AM,206.015,00,1.374,1990,08 - Conventional,2 - Hot Water/Water Radiant,1670,3,3,1
06042801104130000,RP,Residential Property,855 KARST STAGE LOOP,PARKVIEW WEST,10/13/2020 11:36:11 AM,206.015,00,1.245,1996,08 - Conventional,5 - Forced Air,2032,3,2,0
06042801104140000,RP,Residential Property,835 KARST STAGE LOOP,PARKVIEW WEST,10/13/2020 11:26:47 AM,206.015,00,1.23,1998,14 - Other,1 - Floor/Wall/Space,568,1,1,0
06042801104150000,RP,Residential Property,KARST STAGE LOOP,PARKVIEW WEST,10/13/2020 11:29:41 AM,206.015,00,1.304,,,,,,,
06042801104160000,RP,Residential Property,797 KARST STAGE LOOP,PARKVIEW WEST,10/13/2020 1:01:49 PM,206.015,00,1.412,2010,11 - Log,2 - Hot Water/Water Radiant,2130,3,4,0
06042801104170000,RP,Residential Property,775 KARST STAGE LOOP,PARKVIEW WEST,10/13/2020 1:01:49 PM,206.015,00,1.439,1982,08 - Conventional,7 - Electric Baseboard/Electric Radiant,1092,2,1,0
06042801104180000,RP,Residential Property,741 KARST STAGE LOOP,PARKVIEW WEST,10/13/2020 1:01:49 PM,206.015,00,1.189,2019,14 - Other,5 - Forced Air,661,0,1,0
06042801104190000,RP,Residential Property,KARST STAGE LOOP,PARKVIEW WEST,10/13/2020 11:25:11 AM,206.015,00,1.151,,,,,,,
06042801104200000,RP,Residential Property,615 KARST STAGE LOOP,PARKVIEW WEST,10/13/2020 1:01:49 PM,206.015,00,1.116,1993,11 - Log,7 - Electric Baseboard/Electric Radiant,900,2,2,0
06042801105010000,RP,Residential Property,75 KARST CAMP LN,PARKVIEW WEST,10/13/2020 11:37:13 AM,206.015,00,1.131,1994,08 - Conventional,2 - Hot Water/Water Radiant,2010,3,2,0
06042801105020000,RP,Residential Property,15 KARST CAMP LN,PARKVIEW WEST,10/13/2020 11:24:15 AM,206.015,00,1.215,1994,01 - Bi-Level,2 - Hot Water/Water Radiant,2222,3,2,1
06042801105030000,RP,Residential Property,KARST STAGE LOOP,PARKVIEW WEST,10/13/2020 1:01:49 PM,206.015,00,1.485,,,,,,,
06042801105040000,RP,Residential Property,850 KARST STAGE LOOP,PARKVIEW WEST,10/13/2020 1:01:49 PM,206.015,00,1.278,1995,03 - Ranch,7 - Electric Baseboard/Electric Radiant,1629,4,3,0
06042801105050000,RP,Residential Property,KARST TIMBER TRL,PARKVIEW WEST,10/13/2020 11:29:19 AM,206.015,00,1.577,,,,,,,
06042801105060000,RP,Residential Property,159 KARST TIMBER TRL,PARKVIEW WEST,10/13/2020 11:33:13 AM,206.015,00,2.203,2005,11 - Log,2 - Hot Water/Water Radiant,1515,2,2,0
06042801105070000,RP,Residential Property,149 KARST TIMBER TRL,PARKVIEW WEST,10/13/2020 11:36:59 AM,206.015,00,2.088,2000,11 - Log,0,2362,1,2,0
06042801105080000,RP,Residential Property,27 KARST TIMBER TRL,PARKVIEW WEST,10/13/2020 11:34:29 AM,206.015,00,2.089,1995,11 - Log,2 - Hot Water/Water Radiant,1368,4,3,0
06042801105096500,RP,Residential Property,KARST STAGE LOOP,PARKVIEW WEST,10/13/2020 11:36:17 AM,206.015,00,0.314,,,,,,,
06042801105100000,RP,Residential Property,700 KARST STAGE LOOP,PARKVIEW WEST,10/13/2020 11:39:36 AM,206.015,00,1.183,2006,08 - Conventional,7 - Electric Baseboard/Electric Radiant,1133,1,1,0
06042801105116500,RP,Residential Property,,PARKVIEW WEST,10/13/2020 11:31:23 AM,206.015,00,0.625,,,,,,,
06042801105120000,RP,Residential Property,630 KARST STAGE LOOP,PARKVIEW WEST,10/13/2020 1:01:49 PM,206.015,00,1.23,1999,14 - Other,7 - Electric Baseboard/Electric Radiant,469,1,1,0
06042801107016500,RP,Residential Property,78 KARST CAMP LN,PARKVIEW WEST,10/13/2020 11:38:09 AM,206.015.W2,00,1.9,,,,,,,
06042801107036500,RP,Residential Property,,PARKVIEW WEST,10/13/2020 11:32:55 AM,206.015.W2,00,1.9,,,,,,,
06042801108010000,RP,Government Property,,,10/13/2020 11:28:53 AM,206.015,,4.28,,,,,,,
06042801201010000,RP,Government Property,,,10/13/2020 11:26:47 AM,206.015,,2.677,,,,,,,
06042801201020000,RP,Commercial Property,,,10/13/2020 11:33:01 AM,206.015.W1,00,2.94,1960,,,,,,
06042801402010000,RP,Residential Property,80 KARST CAMP LN,,10/13/2020 11:34:44 AM,206.015.W1,00,0.691,1965,11 - Log,0,588,1,1,0
06042801402020000,RP,Non-Qualified Ag,KARST STAGE LOOP,,10/13/2020 11:34:18 AM,206.015.W1,,10.424,2010,,,,,,
06042801405010000,RP,Residential Property,54843 GALLATIN RD,,10/13/2020 1:01:49 PM,206.015.W1,00,1.54,2008,08 - Conventional,5 - Forced Air,1834,2,2,1
06042801410010000,RP,Residential Property,199 KARST CREEK LN,,10/13/2020 1:01:49 PM,206.015,00,2,2002,08 - Conventional,5 - Forced Air,2274,4,4,0
06042801410020000,RP,Residential Property,,,10/13/2020 11:24:58 AM,206.015,00,1.66,,,,,,,
06042801410040000,RP,Residential Property,270 KARST CREEK LN,,10/13/2020 1:01:49 PM,206.015.W1,00,6.51,2001,08 - Conventional,2 - Hot Water/Water Radiant,2296,4,3,0
06042801411010000,RP,Residential Property,54660 GALLATIN RD,KARST SUB 1,10/13/2020 11:33:37 AM,206.015,00,3.69,2012,08 - Conventional,7 - Electric Baseboard/Electric Radiant,2104,3,2,0
06042801411030000,RP,Residential Property,54670 GALLATIN RD,KARST SUB 1,10/13/2020 1:01:49 PM,206.015,00,1.8,2000,,,,,,
06042801411040000,RP,,54680 GALLATIN RD,KARST SUB 1,10/13/2020 11:34:30 AM,206.015,00,1.16,1972,SW,5 - Forced Air,1120,2,1,0
06042801411050000,RP,Residential Property,54700 GALLATIN RD,KARST SUB 1,10/13/2020 11:30:24 AM,206.015,00,1.13,2017,08 - Conventional,5 - Forced Air,1660,3,3,0
06042801411060000,RP,Residential Property,54720 GALLATIN RD,KARST SUB 1,10/13/2020 11:31:13 AM,206.015,00,1.1,1978,13 - A-Frame,5 - Forced Air,1272,2,2,0
06042801411070000,RP,Residential Property,54740 GALLATIN RD,KARST SUB 1,10/13/2020 11:33:17 AM,206.015,00,1.07,1989,08 - Conventional,2 - Hot Water/Water Radiant,1139,3,1,0
06042801411080000,RP,Residential Property,54760 GALLATIN RD,KARST SUB 1,10/13/2020 11:36:30 AM,206.015,00,1.04,,,,,,,
06042801411090000,RP,Residential Property,54780 GALLATIN RD,KARST SUB 1,10/13/2020 11:33:21 AM,206.015,00,1.01,1980,11 - Log,5 - Forced Air,1198,2,1,0
06042801411100000,RP,Residential Property,,KARST SUB 1,10/13/2020 11:32:08 AM,206.015,00,0.98,,,,,,,
06042801411110000,RP,Residential Property,,KARST SUB 1,10/13/2020 11:23:13 AM,206.015,00,0.95,,,,,,,
06042801411120000,RP,Residential Property,,KARST SUB 1,10/13/2020 11:32:55 AM,206.015,00,0.92,,,,,,,
06042801411130000,RP,Residential Property,54860 GALLATIN RD,KARST SUB 1,10/13/2020 1:01:49 PM,206.015,00,1.11,1994,14 - Other,1 - Floor/Wall/Space,230,1,1,0
06042802101010000,RP,Government Property,,,10/13/2020 11:22:31 AM,206.009,,740,,,,,,,
06042803101010000,RP,Government Property,,,10/13/2020 11:31:09 AM,206.009,,673.902,,,,,,,
06042804101010000,RP,Government Property,,,10/13/2020 11:39:20 AM,206.009,,489.904,,,,,,,
06042805101010000,RP,Government Property,,,10/13/2020 11:28:08 AM,206.009,,449.534,,,,,,,
06042806101010000,RP,Government Property,,,10/13/2020 11:33:24 AM,206.009,,672.819,,,,,,,
06042807101010000,RP,Government Property,,,10/13/2020 11:26:02 AM,206.009,,241.317,,,,,,,
06042808101010000,RP,Government Property,,,10/13/2020 11:25:20 AM,206.009,,422.491,,,,,,,
06042809101010000,RP,Government Property,,,10/13/2020 11:30:42 AM,206.009,,527.973,,,,,,,
06042810101010000,RP,Government Property,,,10/13/2020 11:37:18 AM,206.009,,507.897,,,,,,,
06042811101010000,RP,Government Property,,,10/13/2020 11:33:23 AM,206.009,,445.181,,,,,,,
06042812101010000,RP,Residential Property,54320 GALLATIN RD,,10/13/2020 11:23:37 AM,206.015,00,3.601,2016,03 - Ranch,7 - Electric Baseboard/Electric Radiant,368,1,1,0
06042812101040000,RP,Residential Property,54200 GALLATIN RD,,10/13/2020 11:38:58 AM,206.015,00,1.004,1965,11 - Log,5 - Forced Air,688,1,1,0
06042812101100000,RP,Commercial Property,54290 GALLATIN RD,,10/13/2020 11:30:17 AM,206.015,00,2.08,1940,,,,,,
06042812101200000,RP,Government Property,,,10/13/2020 11:27:42 AM,206.015,,120.486,,,,,,,
06042812102010000,RP,Residential Property,54295 GALLATIN RD,,10/13/2020 11:28:34 AM,206.015.W1,00,1.3,1980,14 - Other,1 - Floor/Wall/Space,220,0,1,0
06042812102020000,RP,Residential Property,54245 GALLATIN RD,,10/13/2020 1:01:49 PM,206.015.W1,00,0.98,1975,08 - Conventional,7 - Electric Baseboard/Electric Radiant,1254,1,1,0
06042812102040000,RP,Government Property,GALLATIN RD,,10/13/2020 11:31:02 AM,206.015,00,3.75,,,,,,,
06042812102060000,RP,Residential Property,54205 GALLATIN RD,,10/13/2020 11:29:32 AM,206.015.W1,00,1.04,1996,08 - Conventional,5 - Forced Air,1386,2,1,0
06042812102100000,RP,Residential Property,54085 GALLATIN RD,,10/13/2020 1:01:49 PM,206.015.W1,00,1.49,1934,10 - Old Style,0,969,2,1,0
06042812104050000,RP,Residential Property,54200 GALLATIN RD,,10/13/2020 11:28:10 AM,206.015,00,0.858,,,,,,,
06042812108100000,RP,Residential Property,54145 GALLATIN RD,,10/13/2020 11:32:39 AM,206.015.W1,00,2.33,1978,13 - A-Frame,1 - Floor/Wall/Space,1902,2,1,1
06042812201030000,RP,Residential Property,ISABELLE DR,,10/13/2020 11:27:33 AM,206.015,00,10.4,,,,,,,
06042812202010000,RP,Government Property,,,10/13/2020 11:28:29 AM,206.015.W1,,7.122,,,,,,,
06042812401010000,RP,Residential Property,ISABELLE DR,,10/13/2020 11:25:51 AM,206.015,00,6.56,,,,,,,
06042812490090000,RP,Residential Property,ISABELLE DR,,10/13/2020 11:28:29 AM,206.015,00,2.51,,,,,,,
06042813101010000,RP,Government Property,,,10/13/2020 11:36:15 AM,206.015.W1,,4.728,,,,,,,
06042814101010000,RP,Government Property,,,10/13/2020 11:29:05 AM,206.015.W1,,30.872,,,,,,,
06042815101010000,RP,Government Property,,,10/13/2020 11:28:09 AM,206.009,,337.361,,,,,,,
06042816101010000,RP,Government Property,,,10/13/2020 11:34:18 AM,206.009,,518.026,,,,,,,
06042817101010000,RP,Government Property,,,10/13/2020 11:33:44 AM,206.009,,567.421,,,,,,,
06042818101010000,RP,Government Property,,,10/13/2020 11:29:23 AM,206.009,,200.799,,,,,,,
06042819101010000,RP,Government Property,,,10/13/2020 11:32:13 AM,206.009,,50.082,,,,,,,
06042820101010000,RP,Government Property,,,10/13/2020 11:33:29 AM,206.009,,566.663,,,,,,,
06042821101010000,RP,Government Property,,,10/13/2020 11:31:26 AM,206.009,,570.495,,,,,,,
06042822101010000,RP,Government Property,,,10/13/2020 11:34:28 AM,206.015.W1,,11.959,,,,,,,
06042822101040000,RP,Residential Property,50645 GALLATIN RD,,10/13/2020 11:25:30 AM,206.015.W1,00,6.045,1994,01 - Bi-Level,7 - Electric Baseboard/Electric Radiant,1344,2,2,0
06042822101050000,RP,Residential Property,50585 GALLATIN RD,,10/13/2020 11:37:42 AM,206.015.W1,00,2.577,1988,11 - Log,7 - Electric Baseboard/Electric Radiant,1111,4,3,0
06042822101100000,RP,Residential Property,,,10/13/2020 11:34:28 AM,206.015.W1,00,6.839,,,,,,,
06042822105100000,RP,Residential Property,50505 GALLATIN RD,,10/13/2020 11:24:02 AM,206.015,00,1,2010,11 - Log,1 - Floor/Wall/Space,360,1,1,0
06042822402010000,RP,Residential Property,50605-50551 GALLATIN RD,,10/13/2020 11:26:51 AM,206.015.W1,00,1.51,1992,14 - Other,1 - Floor/Wall/Space,507,1,1,0
